{
  "Simulation 1": {
    "Road 0": [
      0.08379888268156424,
      0.3687150837988827
    ],
    "Road 1": [
      0.1452513966480447,
      1.7430167597765363
    ],
    "Road 2": [
      0.0111731843575419,
      0.00558659217877095
    ],
    "Road 4": [
      0.19553072625698323,
      1.988826815642458
    ],
    "Road 5": [
      0.6145251396648045,
      8.29050279329609
    ],
    "Road 6": [
      0.4860335195530726,
      5.324022346368715
    ],
    "Road 7": [
      0.547486033519553,
      5.4748603351955305
    ],
    "Road 11": [
      0.0223463687150838,
      0.2569832402234637
    ],
    "Road 12": [
      0.5251396648044693,
      3.5921787709497206
    ],
    "Road 13": [
      0.5810055865921788,
      3.7206703910614527
    ],
    "Road 14": [
      0.0223463687150838,
      0.0335195530726257
    ],
    "Road 15": [
      0.16201117318435754,
      2.2681564245810057
    ],
    "Road 16": [
      0.6815642458100558,
      5.70391061452514
    ],
    "Road 17": [
      0.88268156424581,
      9.430167597765363
    ],
    "Road 19": [
      0.0446927374301676,
      0.2011173184357542
    ],
    "Road 20": [
      1.0782122905027933,
      17.8268156424581
    ],
    "Road 25": [
      0.1452513966480447,
      0.9608938547486033
    ],
    "Road 26": [
      0.26256983240223464,
      2.82122905027933
    ],
    "Road 27": [
      0.2905027932960894,
      3.184357541899441
    ],
    "Road 29": [
      1.1229050279329609,
      16.335195530726256
    ],
    "Road 30": [
      1.4245810055865922,
      25.793296089385475
    ],
    "Road 31": [
      0.00558659217877095,
      0.0
    ],
    "Road 33": [
      0.6312849162011173,
      6.067039106145251
    ],
    "Road 36": [
      0.5921787709497207,
      6.217877094972067
    ],
    "Road 37": [
      0.00558659217877095,
      0.0
    ],
    "Road 45": [
      0.7932960893854749,
      7.720670391061453
    ]
  },
  "Simulation 2": {
    "Road 0": [
      0.0446927374301676,
      0.12290502793296089
    ],
    "Road 1": [
      1.106145251396648,
      11.05586592178771
    ],
    "Road 4": [
      0.12849162011173185,
      0.2122905027932961
    ],
    "Road 5": [
      0.1787709497206704,
      0.9441340782122905
    ],
    "Road 6": [
      0.7541899441340782,
      7.229050279329609
    ],
    "Road 7": [
      1.905027932960894,
      27.050279329608937
    ],
    "Road 8": [
      0.0446927374301676,
      0.12290502793296089
    ],
    "Road 11": [
      0.10614525139664804,
      0.9553072625698324
    ],
    "Road 12": [
      1.0614525139664805,
      11.569832402234637
    ],
    "Road 13": [
      0.49162011173184356,
      2.787709497206704
    ],
    "Road 16": [
      0.061452513966480445,
      0.30726256983240224
    ],
    "Road 17": [
      0.5865921787709497,
      6.4692737430167595
    ],
    "Road 20": [
      0.5307262569832403,
      8.810055865921788
    ],
    "Road 21": [
      0.3463687150837989,
      4.391061452513966
    ],
    "Road 24": [
      0.2849162011173184,
      1.4916201117318435
    ],
    "Road 25": [
      0.6201117318435754,
      4.4916201117318435
    ],
    "Road 26": [
      0.16201117318435754,
      1.1955307262569832
    ],
    "Road 27": [
      0.0446927374301676,
      0.1787709497206704
    ],
    "Road 28": [
      0.39106145251396646,
      4.4972067039106145
    ],
    "Road 29": [
      0.0335195530726257,
      0.2346368715083799
    ],
    "Road 30": [
      0.4748603351955307,
      6.994413407821229
    ],
    "Road 33": [
      0.061452513966480445,
      0.13966480446927373
    ],
    "Road 41": [
      0.01675977653631285,
      0.00558659217877095
    ],
    "Road 43": [
      0.0223463687150838,
      0.01675977653631285
    ],
    "Road 45": [
      0.8044692737430168,
      8.12290502793296
    ],
    "Road 50": [
      0.0335195530726257,
      0.0223463687150838
    ]
  },
  "Simulation 3": {
    "Road 0": [
      0.027932960893854747,
      0.08379888268156424
    ],
    "Road 1": [
      0.5418994413407822,
      5.089385474860335
    ],
    "Road 3": [
      0.00558659217877095,
      0.0
    ],
    "Road 4": [
      0.00558659217877095,
      0.0
    ],
    "Road 5": [
      0.8770949720670391,
      8.916201117318435
    ],
    "Road 6": [
      0.7150837988826816,
      5.675977653631285
    ],
    "Road 7": [
      0.8044692737430168,
      5.877094972067039
    ],
    "Road 8": [
      0.00558659217877095,
      0.0
    ],
    "Road 12": [
      1.1173184357541899,
      9.40782122905028
    ],
    "Road 13": [
      0.770949720670391,
      4.111731843575419
    ],
    "Road 14": [
      0.0111731843575419,
      0.0
    ],
    "Road 15": [
      0.3463687150837989,
      5.368715083798882
    ],
    "Road 16": [
      0.3463687150837989,
      2.5921787709497206
    ],
    "Road 17": [
      0.29608938547486036,
      4.262569832402234
    ],
    "Road 20": [
      0.12290502793296089,
      1.2905027932960893
    ],
    "Road 21": [
      0.0223463687150838,
      0.055865921787709494
    ],
    "Road 24": [
      0.30726256983240224,
      4.23463687150838
    ],
    "Road 25": [
      0.07262569832402235,
      0.29608938547486036
    ],
    "Road 26": [
      0.22905027932960895,
      1.9273743016759777
    ],
    "Road 28": [
      0.061452513966480445,
      0.25139664804469275
    ],
    "Road 29": [
      0.3743016759776536,
      4.089385474860335
    ],
    "Road 30": [
      1.5195530726256983,
      26.307262569832403
    ],
    "Road 33": [
      0.8100558659217877,
      8.40782122905028
    ],
    "Road 36": [
      0.8435754189944135,
      9.988826815642458
    ],
    "Road 45": [
      1.1564245810055866,
      14.016759776536313
    ],
    "Road 50": [
      0.9441340782122905,
      11.217877094972067
    ]
  },
  "Simulation 4": {
    "Road 0": [
      0.15083798882681565,
      1.9608938547486034
    ],
    "Road 1": [
      1.6927374301675977,
      20.07262569832402
    ],
    "Road 4": [
      0.41899441340782123,
      4.446927374301676
    ],
    "Road 5": [
      0.3854748603351955,
      6.648044692737431
    ],
    "Road 7": [
      1.5977653631284916,
      18.335195530726256
    ],
    "Road 12": [
      1.2625698324022345,
      10.597765363128492
    ],
    "Road 13": [
      0.5586592178770949,
      3.0279329608938546
    ],
    "Road 16": [
      0.0335195530726257,
      0.11731843575418995
    ],
    "Road 17": [
      0.3743016759776536,
      2.653631284916201
    ],
    "Road 20": [
      0.09497206703910614,
      0.24022346368715083
    ],
    "Road 21": [
      0.1452513966480447,
      0.3854748603351955
    ],
    "Road 25": [
      0.22346368715083798,
      2.3016759776536313
    ],
    "Road 26": [
      0.30726256983240224,
      3.016759776536313
    ],
    "Road 27": [
      0.3407821229050279,
      2.642458100558659
    ],
    "Road 29": [
      0.4748603351955307,
      4.910614525139665
    ],
    "Road 30": [
      1.8715083798882681,
      48.45810055865922
    ],
    "Road 31": [
      0.00558659217877095,
      0.0
    ],
    "Road 33": [
      0.0446927374301676,
      0.0893854748603352
    ],
    "Road 36": [
      0.8715083798882681,
      9.240223463687151
    ],
    "Road 45": [
      1.3798882681564246,
      19.893854748603353
    ],
    "Road 49": [
      0.8770949720670391,
      13.854748603351956
    ]
  },
  "Simulation 5": {
    "Road 0": [
      0.6815642458100558,
      6.150837988826815
    ],
    "Road 1": [
      0.8324022346368715,
      7.5027932960893855
    ],
    "Road 4": [
      0.1564245810055866,
      2.2681564245810057
    ],
    "Road 5": [
      0.6927374301675978,
      8.759776536312849
    ],
    "Road 6": [
      0.4581005586592179,
      3.82122905027933
    ],
    "Road 7": [
      0.9329608938547486,
      9.268156424581006
    ],
    "Road 12": [
      0.49162011173184356,
      3.88268156424581
    ],
    "Road 13": [
      0.49162011173184356,
      1.9832402234636872
    ],